Repos_Name,Names,Created_at,login,Fork,Size,stars,releases,open_issues,commits,contributors,Travis,Docker,Language,tyoe,total_pr,total_is,created_at,updated_at,age,file_name,flag,Type,homepage,Description
yugabyte/yugabyte-db,yugabyte-db,2017-10-05T21:56:00Z,yugabyte,399,179598,4127,38,1896,6280,99,0,0,C,0,777,3683,2017-10-05T21:56:00Z,2020-09-26T02:31:29Z,1086,N/A,0,None,https://www.yugabyte.com,"The high-performance distributed SQL database for global, internet-scale apps."
area9innovation/flow9,flow9,2018-12-30T04:36:59Z,area9innovation,19,895050,508,1,22,5391,94,0,0,C,0,641,648,2018-12-30T04:36:59Z,2020-09-25T13:08:19Z,635,N/A,0,None,nan,"Platform for safe, easy and productive programming of complex, multi-platform apps with a modern user interface"
servalproject/batphone,batphone,2011-01-30T22:09:11Z,servalproject,153,25496,370,42,39,1780,16,0,0,C,0,16,113,2011-01-30T22:09:11Z,2020-09-12T07:05:04Z,3512,N/A,0,None,http://www.servalproject.org,The Serval Mesh app for Android.  EXPERIMENTAL SOFTWARE.
AppImage/AppImageKit,AppImageKit,2013-04-14T20:53:12Z,AppImage,371,16045,5723,13,200,1620,39,1,0,C,0,324,838,2013-04-14T20:53:12Z,2020-09-25T21:56:02Z,2721,AppImageKit_3_snapshots,1,None,http://appimage.org,"Package desktop applications as AppImages that run on common Linux-based operating systems, such as RHEL, CentOS, openSUSE, SLED, Ubuntu, Fedora, debian and derivatives. Join #AppImage on irc.freenode.net"
mjolnirapp/mjolnir,mjolnir,2014-06-19T12:10:55Z,mjolnirapp,135,11473,5084,4,0,1321,30,0,0,C,0,83,576,2014-06-19T12:10:55Z,2020-09-11T14:51:02Z,2276,mjolnir_4_snapshots,1,None,nan,Lightweight automation and productivity app for OS X
owntracks/recorder,recorder,2015-08-14T10:19:42Z,owntracks,87,4881,447,55,10,1021,30,1,0,C,0,49,341,2015-08-14T10:19:42Z,2020-09-22T10:35:10Z,1866,recorder_5_snapshots,1,None,nan,Store and access data published by OwnTracks apps
renard314/textfairy,textfairy,2013-05-14T20:42:03Z,renard314,263,1379744,671,18,59,855,7,1,0,C,0,7,142,2013-05-14T20:42:03Z,2020-09-23T18:51:33Z,2688,N/A,0,None,nan,Android OCR App
rilian-la-te/vala-panel-appmenu,vala-panel-appmenu,2015-03-30T13:02:49Z,rilian-la-te,35,3700,308,54,26,814,21,0,0,C,0,31,31,2015-03-30T13:02:49Z,2020-09-25T05:44:23Z,2005,N/A,0,None,https://gitlab.com/vala-panel-project/vala-panel-appmenu,Global Menu for Vala Panel (and xfce4-panel and mate-panel) - GitHub mirror
momotech/MLN,MLN,2019-09-19T04:49:12Z,momotech,129,110597,1114,47,66,741,13,0,0,C,0,179,233,2019-09-19T04:49:12Z,2020-09-25T06:42:59Z,372,N/A,0,None,nan,È´òÊÄßËÉΩ„ÄÅÂ∞èÂ∑ß„ÄÅÊòì‰∏äÊâãÁöÑÁßªÂä®Ë∑®Âπ≥Âè∞ÂºÄÂèëÊ°ÜÊû∂. A framework for building Mobile cross-platform apps with Lua
ps2homebrew/Open-PS2-Loader,Open-PS2-Loader,2016-10-15T13:37:16Z,ps2homebrew,65,11471,405,8,13,562,22,1,0,C,0,205,295,2016-10-15T13:37:16Z,2020-09-25T17:45:11Z,1441,Open-PS2-Loader_9_snapshots,1,None,https://ps2homebrew.github.io/Open-PS2-Loader/,Game and app loader for Sony PlayStation 2
google/tink,tink,2014-06-06T16:21:09Z,google,826,28830,10277,23,47,2517,66,0,0,C++,0,128,353,2014-06-06T16:21:09Z,2020-09-25T23:47:02Z,2303,N/A,0,None,nan,"Tink is a multi-language, cross-platform, open source library that provides cryptographic APIs that are secure, easy to use correctly, and hard(er) to misuse."
cquery-project/cquery,cquery,2017-04-18T04:15:24Z,cquery-project,168,4837,2335,7,156,1703,58,1,0,C++,0,340,734,2017-04-18T04:15:24Z,2020-09-24T03:16:03Z,1254,cquery_11_snapshots,1,None,nan,"C/C++ language server supporting multi-million line code base, powered by libclang. Emacs, Vim, VSCode, and others with language server protocol support. Cross references, completion, diagnostics, semantic highlighting and more"
zetavm/zetavm,zetavm,2017-04-25T06:26:09Z,zetavm,35,1585,588,0,9,516,14,1,1,C++,0,68,115,2017-04-25T06:26:09Z,2020-09-05T22:49:04Z,1229,zetavm_12_snapshots,1,None,https://pointersgonewild.com/category/zeta/,Multi-Language Platform for Dynamic Programming Languages
thought-machine/please,please,2016-02-02T11:27:05Z,thought-machine,104,9608,1064,166,64,2724,59,0,0,Go,0,882,1220,2016-02-02T11:27:05Z,2020-09-25T12:40:05Z,1697,N/A,0,None,https://please.build,High-performance extensible build system for reproducible multi-language builds.
Chuyu-Team/Dism-Multi-language,Dism-Multi-language,2016-11-26T06:45:37Z,Chuyu-Team,231,8986,1781,2,184,1009,26,0,0,HTML,0,106,638,2016-11-26T06:45:37Z,2020-09-26T02:01:36Z,1399,Dism-Multi-language_snapshots,1,None,nan,Dism++ Multi-language Support & BUG Report
ptmt/react-native-macos,react-native-macos,2015-10-04T15:22:01Z,ptmt,498,85496,11464,9,57,10026,1362,0,1,JavaScript,0,73,199,2015-10-04T15:22:01Z,2020-09-25T11:12:21Z,1817,N/A,0,None,nan,[deprecated in favor of https://microsoft.github.io/react-native-windows/] React Native for macOS is an experimental fork for writing desktop apps using Cocoa
angular/angular.js,angular.js,2010-01-06T00:34:37Z,angular,28677,101053,59490,206,466,9000,1576,0,0,JavaScript,0,7860,16472,2010-01-06T00:34:37Z,2020-09-25T16:10:20Z,3915,N/A,0,None,https://angularjs.org,AngularJS - HTML enhanced for web apps!
OnsenUI/OnsenUI,OnsenUI,2013-09-11T11:52:41Z,OnsenUI,918,187018,8019,133,141,8974,88,0,0,JavaScript,0,1107,2654,2013-09-11T11:52:41Z,2020-09-25T08:48:34Z,2570,N/A,0,None,https://onsen.io/,"Mobile app development framework and SDK using HTML5 and JavaScript. Create beautiful and performant cross-platform mobile apps. Based on Web Components, and provides bindings for Angular 1, 2, React and Vue.js."
keystonejs/keystone-classic,keystone-classic,2013-07-02T05:01:55Z,keystonejs,2345,151555,14819,75,356,8789,238,1,0,JavaScript,0,2479,4631,2013-07-02T05:01:55Z,2020-09-25T10:52:47Z,2642,keystone-classic_snapshots,1,None,http://v4.keystonejs.com,Node.js CMS and web app framework
Bogdan-Lyashenko/codecrumbs,codecrumbs,2018-05-01T15:00:36Z,Bogdan-Lyashenko,85,35137,2328,8,30,627,10,0,0,JavaScript,0,25,61,2018-05-01T15:00:36Z,2020-09-25T13:00:33Z,877,N/A,0,None,https://codecrumbs.io,"Learn, design or document codebase by putting breadcrumbs in source code. Live updates, multi-language support and more."
dcloudio/mui,mui,2014-08-18T07:14:41Z,dcloudio,6576,8079,12815,26,328,519,13,0,0,JavaScript,0,48,171,2014-08-18T07:14:41Z,2020-09-26T01:57:26Z,2230,mui_snapshots,1,None,nan,ÊúÄÊé•ËøëÂéüÁîüAPP‰ΩìÈ™åÁöÑÈ´òÊÄßËÉΩÊ°ÜÊû∂
SciML/DifferentialEquations.jl,DifferentialEquations.jl,2016-05-11T05:13:39Z,SciML,115,177380,1291,68,80,1216,17,1,0,Julia,0,65,572,2016-05-11T05:13:39Z,2020-09-25T06:04:33Z,1598,DifferentialEquations.jl_snapshots,1,None,https://docs.sciml.ai/dev/index.html,Multi-language suite for high-performance solvers of differential equations
tobie/ua-parser,ua-parser,2010-09-15T14:09:21Z,tobie,522,5052,1977,16,0,945,69,1,0,Perl,0,318,528,2010-09-15T14:09:21Z,2020-09-20T13:28:00Z,3657,N/A,0,None,nan,A multi-language port of Browserscope's user agent parser.
Kunstmaan/KunstmaanBundlesCMS,KunstmaanBundlesCMS,2014-08-14T08:32:55Z,Kunstmaan,190,53093,334,105,78,3562,90,1,0,PHP,0,1995,2672,2014-08-14T08:32:55Z,2020-09-25T12:43:18Z,2234,KunstmaanBundlesCMS_snapshots,1,None,https://cms.kunstmaan.be,"An advanced yet user-friendly content management system, based on the full stack Symfony framework combined with a whole host of community bundles. It provides a full featured, multi-language CMS system with an innovative page and form assembling process, versioning, workflow, translation and media managers and much more."
quack/quack,quack,2015-10-02T02:03:12Z,quack,28,3357,297,0,7,1177,15,1,1,PHP,0,104,133,2015-10-02T02:03:12Z,2020-08-30T23:46:25Z,1794,quack_snapshots,1,None,nan,:baby_chick: A multi-paradigm programming language with gradual and duck typing that targets PHP and JS
kivy/kivy,kivy,2010-11-03T20:27:32Z,kivy,2464,73224,11462,34,770,12143,385,0,0,Python,0,2949,6266,2010-11-03T20:27:32Z,2020-09-26T02:54:50Z,3614,kivy_snapshots,1,None,https://kivy.org,"Open source UI framework written in Python, running on Windows, Linux, macOS, Android and iOS"
lbryio/lbry-sdk,lbry-sdk,2015-08-20T15:24:10Z,lbryio,371,20050,4559,594,261,7669,75,0,1,Python,0,1575,2754,2015-08-20T15:24:10Z,2020-09-25T04:28:12Z,1862,lbry-sdk_snapshots,1,None,https://lbry.com,"The LBRY SDK for building decentralized, censorship resistant, monetized, digital content apps."
emeryberger/CSrankings,CSrankings,2016-05-03T00:13:00Z,emeryberger,1035,1945869,1285,0,137,6474,564,0,0,Python,0,1793,2731,2016-05-03T00:13:00Z,2020-09-26T02:28:05Z,1607,CSrankings_snapshots,1,None,http://csrankings.org,A web app for ranking computer science departments according to their research output in selective venues.
Nuitka/Nuitka,Nuitka,2013-04-23T15:40:33Z,Nuitka,222,33747,3132,195,164,5148,69,1,0,Python,0,163,651,2013-04-23T15:40:33Z,2020-09-25T21:19:00Z,2712,Nuitka_snapshots,1,None,http://nuitka.net,"Nuitka is a Python compiler written in Python.  It's fully compatible with Python 2.6, 2.7, 3.3, 3.4, 3.5, 3.6, 3.7, and 3.8.  You feed it your Python app, it does a lot of clever things, and spits out an executable or extension module. "
guanguans/favorite-link,favorite-link,2018-08-29T02:18:05Z,guanguans,170,8962,1421,1,9,5141,1,1,0,Python,0,0,0,2018-08-29T02:18:05Z,2020-09-25T08:09:16Z,758,favorite-link_snapshots,1,None,https://guanguans.github.io/favorite-link,‚ù§Ô∏è ÊØèÊó•Êî∂ÈõÜÂñúÊ¨¢ÁöÑÂºÄÊ∫êÈ°πÁõÆ | RSS ËÆ¢ÈòÖ |  Âø´Áü• app ËÆ¢ÈòÖ
dpgaspar/Flask-AppBuilder,Flask-AppBuilder,2013-11-09T21:13:29Z,dpgaspar,889,41998,2879,47,84,3652,101,1,0,Python,0,504,1391,2013-11-09T21:13:29Z,2020-09-25T16:18:02Z,2511,Flask-AppBuilder_snapshots,1,None,nan,"Simple and rapid application development framework, built on top of Flask. includes detailed security, auto CRUD generation for your models, google charts and much more. Demo (login with guest/welcome) - http://flaskappbuilder.pythonanywhere.com/"
plotly/dash,dash,2015-04-10T01:53:08Z,plotly,1274,26798,12393,57,345,3226,46,0,0,Python,0,454,981,2015-04-10T01:53:08Z,2020-09-25T22:32:26Z,1995,dash_snapshots,1,None,https://plotly.com/dash,"Analytical Web Apps for Python, R, Julia, and Jupyter. No JavaScript Required."
snapcore/snapcraft,snapcraft,2015-10-29T17:23:15Z,snapcore,352,25095,898,121,74,3001,142,1,1,Python,0,3047,3047,2015-10-29T17:23:15Z,2020-09-25T15:01:35Z,1792,N/A,0,None,https://snapcraft.io,"Package, distribute, and update any app for Linux and IoT."
AppDaemon/appdaemon,appdaemon,2016-07-13T17:43:46Z,AppDaemon,313,14824,463,20,128,2876,96,0,1,Python,0,494,897,2016-07-13T17:43:46Z,2020-09-24T12:42:53Z,1533,appdaemon_snapshots,1,None,nan,:page_facing_up: Python Apps for Home Automation
MobileChromeApps/mobile-chrome-apps,mobile-chrome-apps,2013-05-14T01:41:07Z,MobileChromeApps,392,36218,2509,31,147,2128,46,0,0,Python,0,117,479,2013-05-14T01:41:07Z,2020-09-19T10:03:54Z,2685,N/A,0,None,nan,Chrome apps on Android and iOS
janeczku/calibre-web,calibre-web,2015-08-02T19:01:42Z,janeczku,528,57755,3458,8,171,2106,117,0,0,Python,0,393,1419,2015-08-02T19:01:42Z,2020-09-25T23:43:26Z,1881,calibre-web_snapshots,1,None,nan,":books: Web app for browsing, reading and downloading eBooks stored in a Calibre database"
flexxui/flexx,flexx,2014-09-03T08:38:00Z,flexxui,224,4454,2352,14,69,1907,31,1,0,Python,0,278,603,2014-09-03T08:38:00Z,2020-09-25T15:47:03Z,2214,flexx_snapshots,1,None,http://flexx.readthedocs.io,Write desktop and web apps in pure Python
pre-commit/pre-commit,pre-commit,2014-03-13T00:39:38Z,pre-commit,346,2402,4584,147,28,1773,78,0,0,Python,0,670,1567,2014-03-13T00:39:38Z,2020-09-26T00:34:56Z,2388,pre-commit_snapshots,1,None,https://pre-commit.com,A framework for managing and maintaining multi-language pre-commit hooks.
falconry/falcon,falcon,2012-12-06T18:17:51Z,falconry,797,5910,7884,53,222,1634,137,1,1,Python,0,923,1572,2012-12-06T18:17:51Z,2020-09-25T21:04:16Z,2850,falcon_snapshots,1,None,https://falcon.readthedocs.io/en/stable/,"The no-nonsense, minimalist web services and app backend framework for Python developers with a focus on reliability, correctness and performance at scale."
frappe/bench,bench,2014-07-09T10:24:30Z,frappe,712,30866,637,14,36,1592,75,1,0,Python,0,579,1032,2014-07-09T10:24:30Z,2020-09-24T11:17:43Z,2269,bench_snapshots,1,None,nan,Multi-tenant platform to install and manage Frappe apps
nvbn/thefuck,thefuck,2015-04-08T15:08:04Z,nvbn,2714,2827,54214,81,236,1560,143,1,0,Python,0,498,861,2015-04-08T15:08:04Z,2020-09-26T01:23:18Z,1997,thefuck_snapshots,1,None,nan,Magnificent app which corrects your previous console command.
pinax/pinax-stripe,pinax-stripe,2012-08-18T15:39:19Z,pinax,290,1702,634,32,153,1447,61,0,0,Python,0,319,488,2012-08-18T15:39:19Z,2020-09-21T20:08:20Z,2956,pinax-stripe_snapshots,1,None,nan,a payments Django app for Stripe
django-tastypie/django-tastypie,django-tastypie,2010-03-29T06:01:45Z,django-tastypie,1149,3090,3659,28,415,1275,172,1,0,Python,0,698,1198,2010-03-29T06:01:45Z,2020-09-24T16:13:19Z,3832,django-tastypie_snapshots,1,None,http://tastypieapi.org/,Creating delicious APIs for Django apps since 2010.
localstack/localstack,localstack,2016-10-25T23:48:03Z,localstack,1906,4730,25432,16,253,1239,258,1,1,Python,0,1137,2773,2016-10-25T23:48:03Z,2020-09-26T00:15:20Z,1431,N/A,0,None,https://localstack.cloud,??  A fully functional local AWS cloud stack. Develop and test your cloud & Serverless apps offline!
jieter/django-tables2,django-tables2,2010-12-07T05:26:16Z,jieter,351,3525,1269,136,41,1228,113,0,0,Python,0,270,724,2010-12-07T05:26:16Z,2020-09-25T19:54:47Z,3580,django-tables2_snapshots,1,None,https://django-tables2.readthedocs.io/en/latest/,django-tables2 - An app for creating HTML tables
google/personfinder,personfinder,2014-10-17T17:36:25Z,google,199,332614,442,47,110,1215,30,1,1,Python,0,482,637,2014-10-17T17:36:25Z,2020-09-14T05:53:05Z,2158,personfinder_snapshots,1,None,https://google.org/personfinder,Person Finder is a searchable missing person database written in Python and hosted on App Engine.
django-crispy-forms/django-crispy-forms,django-crispy-forms,2011-11-01T11:48:03Z,django-crispy-forms,663,2316,3921,36,74,1099,156,0,0,Python,0,471,992,2011-11-01T11:48:03Z,2020-09-25T19:06:54Z,3251,django-crispy-forms_snapshots,1,None,http://django-crispy-forms.rtfd.org,The best way to have DRY Django forms. The app provides a tag and filter that lets you quickly render forms in a div format while providing an enormous amount of capability to configure and control the rendered HTML.
wooey/Wooey,Wooey,2015-03-01T16:47:05Z,wooey,163,2701,1454,27,58,886,21,0,1,Python,0,133,271,2015-03-01T16:47:05Z,2020-09-23T17:08:32Z,2032,Wooey_snapshots,1,None,http://wooey.readthedocs.org,A Django app that creates automatic web UIs for Python scripts.
rajkumardusad/Tool-X,Tool-X,2017-10-25T14:06:17Z,rajkumardusad,624,3229,1368,2,0,880,5,0,0,Python,0,16,158,2017-10-25T14:06:17Z,2020-09-25T21:03:49Z,1066,Tool-X_snapshots,1,None,https://github.com/rajkumardusad/Tool-X,Tool-X is a kali linux hacking Tool installer. Tool-X developed for termux and other Linux based systems. using Tool-X you can install almost 370+ hacking tools in termux app and other linux based distributions.
vim-vdebug/vdebug,vdebug,2012-06-08T13:55:18Z,vim-vdebug,154,1138,1190,11,52,873,49,1,0,Python,0,144,440,2012-06-08T13:55:18Z,2020-09-25T16:42:52Z,3031,vdebug_snapshots,1,None,nan,"Multi-language DBGP debugger client for Vim (PHP, Python, Perl, Ruby, etc.)"
microsoft/Quantum,Quantum,2017-11-08T23:24:33Z,microsoft,606,37677,2878,1963,19,228,35,0,1,PowerShell,1,278,359,2017-11-08T23:24:33Z,2020-09-25T10:59:42Z,1051,Quantum_snapshots,1,Full-stack Library/ Framework,https://docs.microsoft.com/quantum,Microsoft Quantum Development Kit Samples
microsoft/QuantumLibraries,QuantumLibraries,2018-10-23T18:26:23Z,microsoft,64,12831,188,1896,20,268,20,0,0,C#,1,239,279,2018-10-23T18:26:23Z,2020-09-23T23:23:22Z,701,QuantumLibraries_snapshots,1,Full-stack Library/ Framework,https://docs.microsoft.com/quantum,Q# libraries for the Quantum Development Kit
microsoft/QuantumKatas,QuantumKatas,2018-06-06T20:02:33Z,microsoft,573,22367,2505,1886,16,196,61,0,1,Jupyter Notebook,1,369,448,2018-06-06T20:02:33Z,2020-09-25T19:26:36Z,841,QuantumKatas_snapshots,1,Quantum Algorithsm,,Tutorials and programming exercises for learning Q# and quantum computing
microsoft/Quantum-NC,Quantum-NC,2018-01-23T19:10:35Z,microsoft,28,1502,79,1882,3,101,10,0,0,F#,1,43,43,2018-01-23T19:10:35Z,2020-09-15T19:01:56Z,965,Quantum-NC_snapshots,1,Full-stack Library/ Framework,,Microsoft Quantum Computing Libraries for noncommercial use
microsoft/qsharp-compiler,qsharp-compiler,2019-06-07T18:48:01Z,microsoft,60,4550,335,1881,58,201,15,0,0,C#,1,457,538,2019-06-07T18:48:01Z,2020-09-25T23:45:12Z,476,qsharp-compiler_snapshots,1,Compiler,https://docs.microsoft.com/quantum,"Q# compiler, command line tool, and Q# language server"
Aris-t2/CustomCSSforFx,CustomCSSforFx,2017-10-04T08:36:41Z,Aris-t2,121,3038,1046,218,20,427,11,0,0,CSS,1,30,303,2017-10-04T08:36:41Z,2020-09-24T22:15:18Z,1086,CustomCSSforFx_snapshots,1,Other-Quantum,,Custom CSS tweaks for Firefox Quantum
TechReborn/RebornCore,RebornCore,2015-11-08T10:36:53Z,TechReborn,41,5239,36,133,8,1441,27,0,0,Java,1,55,147,2015-11-08T10:36:53Z,2020-09-19T15:52:27Z,1777,N/A,0,Library/ Framework,,"Reborn Core is a library used for many of the Tech Reborn team's mods, including Tech Reborn, Quantum Storage, Fluxed Redstone, Hardcore Map Reset, and many more."
catho/quantum,quantum,2019-01-08T10:04:56Z,catho,16,23622,32,108,12,1124,15,1,0,JavaScript,1,218,246,2019-01-08T10:04:56Z,2020-09-24T13:57:59Z,625,quantum_snapshots,1,Other-Quantum,https://catho.github.io/quantum,The default pack of components and layout principles that dictates Catho Frontend applications.
theQRL/QRL,QRL,2016-10-16T14:32:40Z,theQRL,81,14118,328,84,22,3556,30,0,0,Python,1,1499,1689,2016-10-16T14:32:40Z,2020-09-22T19:32:10Z,1437,QRL_snapshots,1,Cryptography,https://theqrl.org/,Quantum Resistant Ledger 
rigetti/pyquil,pyquil,2017-01-09T21:30:22Z,rigetti,279,69128,1033,64,116,957,73,1,1,Python,1,706,1128,2017-01-09T21:30:22Z,2020-09-25T12:04:49Z,1354,pyquil_snapshots,1,Full-stack Library/ Framework,http://docs.rigetti.com,A Python library for quantum programming using Quil.
ValeevGroup/mpqc,mpqc,2013-08-15T15:28:10Z,ValeevGroup,19,364241,36,59,2,4481,18,0,0,C++,1,10,55,2013-08-15T15:28:10Z,2020-02-07T23:46:07Z,2367,mpqc_60_snapshots,1, Chemistry/ Other-Quantum,,"The Massively Parallel Quantum Chemistry program, MPQC, computes properties of atoms and molecules from first principles using the time independent Schrödinger equation."
pyscf/pyscf,pyscf,2014-05-02T18:42:25Z,pyscf,227,80151,381,56,65,7219,63,1,0,Python,1,310,630,2014-05-02T18:42:25Z,2020-09-25T19:56:55Z,2338,pyscf_snapshots,1,Chemistry/ Other-Quantum,,Python module for quantum chemistry
Qiskit/qiskit-terra,qiskit-terra,2017-03-03T17:02:42Z,Qiskit,1108,51762,2782,56,376,3452,144,1,0,Python,1,3021,4732,2017-03-03T17:02:42Z,2020-09-26T03:29:21Z,1302,qiskit-terra_snapshots,1,Full-Stack Library,https://qiskit.org/terra,"Terra provides the foundations for Qiskit. It allows the user to write quantum circuits easily, and takes care of the constraints of real hardware."
quantum-elixir/quantum-core,quantum-core,2015-04-27T11:56:49Z,quantum-elixir,113,764,1519,55,12,654,52,0,0,Elixir,1,257,452,2015-04-27T11:56:49Z,2020-09-25T14:48:21Z,1978,quantum-core_snapshots,1,Other-Quantum,https://hexdocs.pm/quantum/,:watch: Cron-like job scheduler for Elixir
sunqm/libcint,libcint,2013-01-19T04:16:58Z,sunqm,31,40211,60,48,3,288,5,1,0,C,1,16,40,2013-01-19T04:16:58Z,2020-09-12T05:12:35Z,2792,N/A,0,Chemistry/ Other-Quantum,wiki.sunqm.net/libcint,general GTO integrals for quantum chemistry
evaleev/libint,libint,2013-08-13T21:17:06Z,evaleev,59,34752,104,44,27,1107,16,1,0,C++,1,50,155,2013-08-13T21:17:06Z,2020-09-23T19:38:25Z,2597,libint_65_snapshots,1,Library/ Framework,,Libint: high-performance library for computing Gaussian integrals in quantum mechanics
MolSSI-BSE/basis_set_exchange,basis_set_exchange,2017-12-04T19:56:23Z,MolSSI-BSE,15,44582,61,41,21,888,8,1,0,Python,1,16,92,2017-12-04T19:56:23Z,2020-09-09T13:08:47Z,1009,basis_set_exchange_snapshots,1,Chemistry/ Other-Quantum,https://molssi-bse.github.io/basis_set_exchange/,A repository for quantum chemistry basis sets
Qiskit/qiskit,qiskit,2018-12-12T22:04:07Z,Qiskit,395,96678,978,34,41,612,112,1,0,Python,1,708,964,2018-12-12T22:04:07Z,2020-09-25T12:02:31Z,652,qiskit_snapshots,1,Full-stack Library/ Framework,https://qiskit.org,"Qiskit is an open-source framework for working with noisy quantum computers at the level of pulses, circuits, and algorithms."
mabuchilab/QNET,QNET,2012-03-26T00:17:35Z,mabuchilab,11,6996,42,33,25,866,8,1,0,Python,1,3,68,2012-03-26T00:17:35Z,2020-09-18T17:04:57Z,3098,QNET_snapshots,1,Quantum Algorithsm,https://qnet.readthedocs.io/,Computer algebra package for quantum mechanics and photonic quantum networks
MolSSI/QCElemental,QCElemental,2018-08-31T17:37:37Z,MolSSI,38,1978,66,32,21,790,19,1,0,Python,1,186,221,2018-08-31T17:37:37Z,2020-09-08T18:29:09Z,739,QCElemental_snapshots,1,Chemistry/ Other-Quantum,http://docs.qcarchive.molssi.org/projects/qcelemental/en/latest/,"Periodic table, physical constants, and molecule parsing for quantum chemistry."
m-labs/artiq,artiq,2014-05-25T18:09:36Z,m-labs,92,13214,223,31,190,7183,30,0,0,Python,1,222,1321,2014-05-25T18:09:36Z,2020-09-25T14:02:09Z,2314,artiq_snapshots,1,Experimentation,https://m-labs.hk/artiq,A leading-edge control system for quantum information experiments
rigetti/qvm,qvm,2018-11-20T22:14:22Z,rigetti,30,1047,260,31,69,414,13,0,1,Common Lisp,1,151,191,2018-11-20T22:14:22Z,2020-09-25T12:00:33Z,674,qvm_snapshots,1,VM/ Other-Quantum,,The @rigetti high-performance quantum virtual machine.
softwareQinc/qpp,qpp,2014-03-21T20:00:40Z,softwareQinc,66,284707,208,30,2,2619,5,1,0,C++,1,51,79,2014-03-21T20:00:40Z,2020-09-24T21:33:52Z,2379,qpp_72_snapshots,1,Simulator,https://journals.plos.org/plosone/article?id=10.1371/journal.pone.0208073,A modern C++11 quantum computing library
supernomad/quantum,quantum,2016-05-31T06:23:57Z,supernomad,7,752,44,28,6,416,1,0,1,Go,1,86,107,2016-05-31T06:23:57Z,2020-07-13T17:31:52Z,1504,quantum_snapshots,1,Other-Quantum,,"A lightweight, encrypted, WAN oriented, software defined network device."
MolSSI/QCEngine,QCEngine,2018-03-01T22:25:35Z,MolSSI,41,1622,60,28,29,1067,21,1,0,Python,1,197,241,2018-03-01T22:25:35Z,2020-09-10T10:18:29Z,923,QCEngine_snapshots,1,Chemistry/ Other-Quantum,http://docs.qcarchive.molssi.org/projects/qcengine/,Quantum chemistry program executor and IO standardizer (QCSchema).
marvel-nccr/quantum-mobile,quantum-mobile,2017-10-09T22:10:36Z,marvel-nccr,16,3286,44,27,18,282,3,1,0,Shell,1,7,101,2017-10-09T22:10:36Z,2020-09-20T12:48:34Z,1076,quantum-mobile_snapshots,1,VM/ Other-Quantum,https://materialscloud.org/quantum-mobile,A Virtual Machine for computational materials science
QuantumBFS/YaoBlocks.jl,YaoBlocks.jl,2018-11-22T17:10:59Z,QuantumBFS,7,516,14,27,21,307,5,1,0,Julia,1,100,119,2018-11-22T17:10:59Z,2020-09-15T08:16:18Z,662,YaoBlocks.jl_snapshots,1,Simulator,,Standard basic quantum circuit simulator building blocks.
qojulia/QuantumOptics.jl,QuantumOptics.jl,2016-03-16T22:05:35Z,qojulia,49,5089,265,26,5,434,20,1,0,Julia,1,215,270,2016-03-16T22:05:35Z,2020-09-18T21:07:25Z,1646,QuantumOptics.jl_snapshots,1,Library/ Framework,http://qojulia.org,Library for the numerical simulation of closed as well as open quantum systems.
MolSSI/QCFractal,QCFractal,2017-01-19T20:28:18Z,MolSSI,28,8274,85,26,63,2494,16,1,0,Python,1,382,553,2017-01-19T20:28:18Z,2020-09-17T20:02:21Z,1336,QCFractal_snapshots,1,Chemistry/ Other-Quantum,http://docs.qcarchive.molssi.org/projects/qcfractal/en/latest/,A distributed compute and database platform for quantum chemistry. 
Qiskit/qiskit-ibmq-provider,qiskit-ibmq-provider,2018-12-26T15:22:11Z,Qiskit,73,1608,76,24,30,365,16,1,0,Python,1,479,725,2018-12-26T15:22:11Z,2020-09-24T01:54:14Z,637,qiskit-ibmq-provider_snapshots,1,Full-stack Library/ Framework,,Qiskit Provider for accessing the quantum devices and simulators at IBMQ
qiskit-community/qiskit-js,qiskit-js,2017-11-21T09:34:29Z,qiskit-community,31,4211,86,23,20,367,7,1,0,JavaScript,1,56,69,2017-11-21T09:34:29Z,2020-09-18T11:43:11Z,1032,qiskit-js_snapshots,1,Full-stack Library/ Framework,,:atom_symbol: Qiskit (Quantum Information Science Kit) for JavaScript
Qiskit/qiskit-aqua,qiskit-aqua,2018-06-12T20:46:28Z,Qiskit,262,49630,359,23,53,5424,56,1,0,Python,1,899,1193,2018-06-12T20:46:28Z,2020-09-25T22:04:24Z,836,qiskit-aqua_snapshots,1,Quantum Algorithsm,https://qiskit.org/aqua,Quantum Algorithms & Applications in Python
qiskit-community/qiskit-vscode,qiskit-vscode,2018-07-19T15:59:16Z,qiskit-community,17,7218,51,23,7,321,7,1,0,HTML,1,61,83,2018-07-19T15:59:16Z,2020-06-22T16:37:39Z,704,qiskit-vscode_snapshots,1,Full-stack Library/ Framework,https://qiskit.org/vscode,Simplifying Qiskit to make developing quantum circuits and applications faster
rigetti/rpcq,rpcq,2018-10-11T19:38:34Z,rigetti,20,342,53,23,19,114,20,0,1,Common Lisp,1,100,115,2018-10-11T19:38:34Z,2020-09-25T12:07:17Z,714,rpcq_snapshots,1,Full-stack Library/ Framework,,The RPC framework and message specification for @rigetti Quantum Cloud Services.
SebWouters/CheMPS2,CheMPS2,2013-11-18T15:29:44Z,SebWouters,23,180430,45,22,3,652,4,1,0,C++,1,23,71,2013-11-18T15:29:44Z,2020-07-08T14:22:29Z,2423,CheMPS2_84_snapshots,1,Chemistry/ Other-Quantum,,CheMPS2: a spin-adapted implementation of DMRG for ab initio quantum chemistry
issp-center-dev/HPhi,HPhi,2015-09-11T02:40:51Z,issp-center-dev,16,384920,42,22,6,1752,9,1,0,Shell,1,39,99,2015-09-11T02:40:51Z,2020-09-24T00:43:04Z,1839,HPhi_snapshots,1,Simulator,https://www.pasums.issp.u-tokyo.ac.jp/hphi/en/,Quantum Lattice Model Simulator Package
Perfecto-Quantum/Quantum,Quantum,2016-11-03T08:18:00Z,Perfecto-Quantum,17,16374,12,22,20,104,8,0,0,Java,1,6,57,2016-11-03T08:18:00Z,2020-09-24T15:50:02Z,1421,Quantum_snapshots,1,Other-Quantum,,"Contains all the Perfecto specific step, listeners and utils"
quantacms/quanta,quanta,2017-01-23T15:51:57Z,quantacms,5,20074,23,21,22,1212,4,0,0,PHP,1,277,287,2017-01-23T15:51:57Z,2020-09-25T08:06:55Z,1340,quanta_87_snapshots,1,Other-Quantum,http://www.quantacms.com,"An innovative, DB-free CMS for web and application development, based on the principles of Quantum physics."
SoftwareQuTech/SimulaQron,SimulaQron,2017-06-25T10:14:59Z,SoftwareQuTech,40,6661,68,21,9,788,20,1,1,Python,1,162,255,2017-06-25T10:14:59Z,2020-09-12T14:12:11Z,1175,SimulaQron_88_snapshots,1,Simulator,,Quantum Network Simulator for Application Programming
QEF/q-e,q-e,2018-02-02T10:10:24Z,QEF,144,498996,267,21,0,2630,46,1,0,Fortran,1,6,32,2018-02-02T10:10:24Z,2020-09-20T15:11:08Z,961,N/A,0,Other-Quantum,,Mirror of the Quantum ESPRESSO repository
exaexa/codecrypt,codecrypt,2012-11-05T22:09:23Z,exaexa,26,20181,244,19,0,374,6,0,0,C++,1,4,35,2012-11-05T22:09:23Z,2020-08-27T01:29:34Z,2851,codecrypt_90_snapshots,1,Cryptography,https://gitea.blesmrt.net/exa/codecrypt,"Post-quantum cryptography tool (THIS REPOSITORY IS ONLY A MIRROR OF THE MAIN ONE, PLEASE DO NOT FILE BUGS HERE)"
firebug/websocket-monitor,websocket-monitor,2015-10-01T06:34:39Z,firebug,24,533,147,19,23,200,7,1,0,JavaScript,1,16,61,2015-10-01T06:34:39Z,2020-08-20T10:10:59Z,1785,websocket-monitor_91_snapshots,1,Other-Quantum,,Not compatible with Firefox Quantum (57 and newer)
QEF/q-e_schrodinger,q-e_schrodinger,2016-08-07T20:52:28Z,QEF,5,400236,7,19,1,3668,22,1,0,Fortran,1,33,34,2016-08-07T20:52:28Z,2020-04-03T19:41:36Z,1334,N/A,0,,,Quantum ESPRESSO package for integration into Schrödinger’s Materials Science Suite
Quantum-Dynamics-Hub/libra-code,libra-code,2017-08-24T09:07:06Z,Quantum-Dynamics-Hub,16,365403,10,19,1,690,7,1,0,Jupyter Notebook,1,91,95,2017-08-24T09:07:06Z,2020-09-25T20:39:28Z,1128,libra-code_93_snapshots,1,Chemistry/ Other-Quantum,https://quantum-dynamics-hub.github.io/libra/index.html,
shinmorino/sqaod,sqaod,2017-10-24T13:39:16Z,shinmorino,9,66834,35,19,7,991,1,0,0,C++,1,7,60,2017-10-24T13:39:16Z,2020-04-15T06:16:53Z,903,sqaod_94_snapshots,1,Quantum Annealing,https://github.com/shinmorino/sqaod/wiki,Solvers/annealers for simulated quantum annealing on CPU and CUDA(NVIDIA GPU).
Quantum-Game/quantum-game-2,quantum-game-2,2019-09-16T09:47:21Z,Quantum-Game,9,4719,18,19,23,550,9,1,0,Vue,1,202,229,2019-09-16T09:47:21Z,2020-09-25T09:56:51Z,375,quantum-game-2_95_snapshots,1,Fun/ Game,https://quantumgame.io,"Quantum Game 2 from Centre of Quantum Technologies, NUS"
QuantumBFS/Yao.jl,Yao.jl,2018-04-13T13:47:02Z,QuantumBFS,45,14433,335,18,14,477,8,1,0,Julia,1,136,238,2018-04-13T13:47:02Z,2020-09-24T14:00:37Z,895,Yao.jl_96_snapshots,1,Simulator,http://yaoquantum.org,"Extensible, Efficient Quantum Algorithm Design for Humans."
psi4/psi4,psi4,2013-04-02T16:21:04Z,psi4,269,97782,430,17,193,6300,81,0,0,C++,1,1149,1812,2013-04-02T16:21:04Z,2020-09-22T13:31:34Z,2729,N/A,0,,http://psicode.org,Open-Source Quantum Chemistry – an electronic structure package in C++ driven by Python
TRIQS/triqs,triqs,2013-07-17T16:06:50Z,TRIQS,47,14086,89,17,73,2259,25,1,1,C++,1,216,727,2013-07-17T16:06:50Z,2020-09-05T22:18:30Z,2607,triqs_98_snapshots,1,Tool,https://triqs.github.io,a Toolbox for Research on Interacting Quantum Systems
Technus/TecTech,TecTech,2017-03-09T12:43:44Z,Technus,15,76344,14,17,0,938,9,0,0,Java,1,21,37,2017-03-09T12:43:44Z,2020-09-14T18:20:01Z,1285,N/A,0,,,GT5u nuclear and quantum physics addon
Strilanc/Quirk,Quirk,2014-03-05T23:31:28Z,Strilanc,77,21709,497,16,31,1297,3,1,0,JavaScript,1,135,428,2014-03-05T23:31:28Z,2020-09-25T11:53:22Z,2395,Quirk_100_snapshots,1,Simulator,http://algassert.com/quirk,A drag-and-drop quantum circuit simulator that runs in your browser. A toy for exploring and understanding small quantum circuits.
sedabull/quantum-shell,quantum-shell,2015-01-27T06:51:10Z,sedabull,5,2483,19,16,11,150,1,0,0,CoffeeScript,1,6,17,2015-01-27T06:51:10Z,2019-08-17T20:06:53Z,1663,quantum-shell_101_snapshots,1,Experimentation,,An experimental terminal emulator for the Atom text editor
quantum-journal/quantum-journal,quantum-journal,2016-03-22T17:04:23Z,quantum-journal,13,10236,40,16,4,327,8,1,0,Jupyter Notebook,1,41,105,2016-03-22T17:04:23Z,2020-08-26T01:07:41Z,1617,N/A,0,,https://quantum-journal.org/quantumarticle/,LaTeX template class for Quantum - the open journal for quantum science
ProjectQ-Framework/ProjectQ,ProjectQ,2016-12-28T09:31:53Z,ProjectQ-Framework,196,1005,625,16,35,193,18,1,0,Python,1,241,343,2016-12-28T09:31:53Z,2020-09-26T01:21:43Z,1367,ProjectQ_103_snapshots,1,Full-stack Library/ Framework,https://projectq.ch,ProjectQ: An open source software framework for quantum computing
Qiskit/qiskit-aer,qiskit-aer,2018-12-17T19:58:16Z,Qiskit,160,13922,140,16,55,495,38,1,0,Python,1,591,863,2018-12-17T19:58:16Z,2020-09-25T20:08:09Z,647,qiskit-aer_104_snapshots,1,Simulator,https://qiskit.org/aer,Aer is a high performance simulator for quantum circuits that includes noise models
QuantumPackage/qp2,qp2,2019-01-25T08:32:32Z,QuantumPackage,10,20402,22,16,1,550,6,1,0,Fortran,1,123,130,2019-01-25T08:32:32Z,2020-09-02T16:48:51Z,586,qp2_105_snapshots,1,Full-stack Library/ Framework,https://quantumpackage.github.io/qp2/,Quantum Package : a programming environment for wave function methods
quantumlib/OpenFermion,OpenFermion,2017-09-21T22:10:28Z,quantumlib,239,3994,941,15,61,392,41,0,1,Python,1,457,597,2017-09-21T22:10:28Z,2020-09-25T12:04:23Z,1099,OpenFermion_106_snapshots,1,Quantum Algorithsm,,The electronic structure package for quantum computers.
dauphine-dev/drop-feeds,drop-feeds,2018-02-08T16:49:45Z,dauphine-dev,10,3319,17,15,5,1049,7,0,0,JavaScript,1,58,117,2018-02-08T16:49:45Z,2020-08-23T20:11:43Z,927,drop-feeds_107_snapshots,1,Other-Quantum,https://addons.mozilla.org/fr/firefox/addon/drop-feeds/,Drop Feeds is a Sage / Sage++ like addon (webextension) for Firefox Quantum
XanaduAI/strawberryfields,strawberryfields,2018-03-26T14:38:39Z,XanaduAI,88,15802,377,15,26,792,26,1,0,Python,1,371,436,2018-03-26T14:38:39Z,2020-09-26T03:29:39Z,914,strawberryfields_108_snapshots,1,Full-stack Library/ Framework,https://strawberryfields.readthedocs.io,"Strawberry Fields is a full-stack Python library for designing, simulating, and optimizing continuous variable (CV) quantum optical circuits."
qutip/qutip,qutip,2012-10-09T06:20:46Z,qutip,353,20039,841,14,143,4105,64,1,0,Python,1,806,1213,2012-10-09T06:20:46Z,2020-09-25T15:11:34Z,2908,qutip_109_snapshots,1,Simulator,http://qutip.org,QuTiP: Quantum Toolbox in Python
jcmgray/quimb,quimb,2015-12-09T14:02:41Z,jcmgray,20,12146,121,14,16,1171,6,0,0,Python,1,19,48,2015-12-09T14:02:41Z,2020-09-22T15:05:29Z,1749,quimb_110_snapshots,1,Library/ Framework,http://quimb.readthedocs.io,A python library for quantum information and many-body calculations including tensor networks.
QMCPACK/qmcpack,qmcpack,2017-01-11T19:02:29Z,QMCPACK,74,216665,124,14,287,9592,38,0,0,C++,1,1871,2434,2017-01-11T19:02:29Z,2020-09-25T18:39:33Z,1352,qmcpack_111_snapshots,1,Chemistry/ Other-Quantum,http://www.qmcpack.org,"Main repository for QMCPACK, an open-source production level many-body ab initio Quantum Monte Carlo code for computing the electronic structure of atoms, molecules, and solids."
QuEST-Kit/QuEST,QuEST,2017-03-28T12:00:18Z,QuEST-Kit,47,10500,150,14,55,1084,7,0,0,C++,1,106,219,2017-03-28T12:00:18Z,2020-09-21T13:44:39Z,1273,QuEST_112_snapshots,1,Simulator,https://quest.qtechtheory.org/,"A multithreaded, distributed, GPU-accelerated simulator of quantum computers"
QE-Lab/OpenQL,OpenQL,2017-04-13T14:16:16Z,QE-Lab,14,11137,17,14,50,1101,19,1,0,C++,1,137,303,2017-04-13T14:16:16Z,2020-09-07T06:27:18Z,1242,OpenQL_113_snapshots,1,Compiler,https://openql.readthedocs.io,Quantum compiler
Quantum-Manager/quantummanager,quantummanager,2018-12-31T04:59:44Z,Quantum-Manager,5,1014,13,14,0,141,4,0,0,JavaScript,1,33,33,2018-12-31T04:59:44Z,2020-08-25T16:34:03Z,603,quantummanager_114_snapshots,1,Other-Quantum,,Revolutionary File & Media Manager for Joomla! CMS
mkuznets/quantum-mechanics-lectures,quantum-mechanics-lectures,2013-11-22T17:33:08Z,mkuznets,13,841,12,13,6,285,11,1,0,TeX,1,29,30,2013-11-22T17:33:08Z,2020-03-20T13:41:40Z,2309,N/A,0,,,Lecture notes on Quantum Mechanics for DREC MIPT students
deepchem/deepchem,deepchem,2015-09-24T23:20:28Z,deepchem,720,449487,2145,13,195,4319,74,1,1,Python,1,1094,1903,2015-09-24T23:20:28Z,2020-09-26T01:22:58Z,1828,deepchem_116_snapshots,1,Other-Quantum,https://deepchem.io/,"Democratizing Deep-Learning for Drug Discovery, Quantum Chemistry, Materials Science and Biology"
aiidateam/aiida-quantumespresso,aiida-quantumespresso,2017-06-20T12:54:43Z,aiidateam,30,4400,21,13,30,536,18,0,0,Python,1,289,517,2017-06-20T12:54:43Z,2020-09-22T07:40:58Z,1189,aiida-quantumespresso_117_snapshots,1,Other-Quantum,,The official AiiDA plugin for Quantum ESPRESSO
foxyproxy/firefox-extension,firefox-extension,2019-06-28T17:58:23Z,foxyproxy,30,47480,79,13,17,205,3,0,0,JavaScript,1,55,95,2019-06-28T17:58:23Z,2020-09-24T16:36:46Z,453,firefox-extension_118_snapshots,1,Other-Quantum,,FoxyProxy for Firefox extension beginning with Firefox 57 (Quantum)
rigetti/grove,grove,2016-12-22T01:08:42Z,rigetti,109,4579,301,12,47,510,24,0,0,Python,1,130,173,2016-12-22T01:08:42Z,2020-09-25T12:06:12Z,1373,grove_119_snapshots,1,Quantum Algorithsm,http://rigetti.com/forest,Quantum algorithms built using pyQuil.
vm6502q/qrack,qrack,2017-12-21T01:15:29Z,vm6502q,9,13360,54,12,5,684,5,1,0,C++,1,425,479,2017-12-21T01:15:29Z,2020-09-25T00:15:26Z,1008,qrack_120_snapshots,1,Simulator,,"Comprehensive, GPU accelerated framework for developing universal virtual quantum processors"
XanaduAI/pennylane,pennylane,2018-04-17T16:45:42Z,XanaduAI,133,27738,487,12,42,1398,23,1,0,Python,1,597,782,2018-04-17T16:45:42Z,2020-09-25T22:17:33Z,892,pennylane_121_snapshots,1,Library/ Framework,https://pennylane.ai,"PennyLane is a cross-platform Python library for quantum machine learning, automatic differentiation, and optimization of hybrid quantum-classical computations"
netket/netket,netket,2018-04-23T18:48:08Z,netket,80,51340,198,12,27,1699,24,1,0,C++,1,299,438,2018-04-23T18:48:08Z,2020-09-23T04:21:27Z,883,netket_122_snapshots,1,Quantum Algorithsm,https://www.netket.org,Machine learning algorithms for many-body quantum systems 
XanaduAI/thewalrus,thewalrus,2018-05-11T18:49:44Z,XanaduAI,17,14198,32,12,11,739,13,1,0,Python,1,157,184,2018-05-11T18:49:44Z,2020-09-14T17:30:15Z,856,thewalrus_123_snapshots,1,Quantum Algorithsm,https://the-walrus.readthedocs.io,"A library for the calculation of hafnians, Hermite polynomials and Gaussian boson sampling."
cp2k/cp2k,cp2k,2018-10-02T10:42:51Z,cp2k,138,190584,214,12,79,1215,35,0,1,Fortran,1,857,1032,2018-10-02T10:42:51Z,2020-09-25T15:01:51Z,724,cp2k_124_snapshots,1,Chemistry/ Other-Quantum,https://www.cp2k.org,Quantum chemistry and solid state physics software package
qulacs/qulacs,qulacs,2018-10-05T05:39:51Z,qulacs,48,1162,138,12,14,503,17,1,1,C++,1,174,233,2018-10-05T05:39:51Z,2020-09-09T02:29:25Z,704,qulacs_125_snapshots,1,Simulator,,Variational Quantum Circuit Simulator for Quantum Computation Research
sanshar/Block,Block,2012-06-06T18:46:27Z,sanshar,35,101767,21,11,7,634,10,0,0,C,1,25,45,2012-06-06T18:46:27Z,2020-02-24T05:26:02Z,2818,N/A,0,,,Block implements the density matrix renormalization group (DMRG) algorithm for quantum chemistry.
votca/xtp,xtp,2016-01-20T17:47:47Z,votca,10,39463,20,11,33,3627,16,1,0,C++,1,400,526,2016-01-20T17:47:47Z,2020-09-25T17:17:33Z,1709,xtp_127_snapshots,1,Chemistry/ Other-Quantum,,"GW-BSE for excited state Quantum Chemistry in a Gaussian Orbital basis, electronic spectroscopy with QM/MM, charge and energy dynamics in complex molecular systems"
OriginQ/QPanda-2,QPanda-2,2018-06-05T08:23:20Z,OriginQ,35,15205,83,11,2,450,8,1,0,C++,1,98,107,2018-06-05T08:23:20Z,2020-09-22T11:40:13Z,840,QPanda-2_128_snapshots,1,Library/ Framework,http://originqc.com.cn/QPanda/download.html,"QPanda 2 is an open source quantum computing framework developed by  OriginQC that can be used to build, run, and optimize quantum algorithms. "
CQCL/pytket,pytket,2018-07-11T09:39:17Z,CQCL,22,15122,76,11,0,192,5,0,0,,1,7,26,2018-07-11T09:39:17Z,2020-09-23T16:21:36Z,805,pytket_129_snapshots,1,Library/ Framework,,Python module for interfacing with the CQC t|ket> library of quantum software
Izheil/Quantum-Nox-Firefox-Dark-Full-Theme,Quantum-Nox-Firefox-Dark-Full-Theme,2017-11-23T08:38:20Z,Izheil,35,13497,249,10,3,1172,4,0,0,CSS,1,4,79,2017-11-23T08:38:20Z,2020-09-25T22:05:55Z,1037,Quantum-Nox-Firefox-Dark-Full-Theme_130_snapshots,1,Other-Quantum,,"These usercontent and userchrome files will give a full themed dark color to Firefox Quantum, menus and dialogs included, as well as the scrollbars. It will also enable multirow/multiple rows tabs."
Blueqat/Blueqat,Blueqat,2018-08-02T00:18:23Z,Blueqat,24,1043,245,10,11,528,8,0,0,Python,1,73,94,2018-08-02T00:18:23Z,2020-09-22T02:33:46Z,782,Blueqat_131_snapshots,1,Full-stack Library/ Framework,,Quantum Computer Library for Everyone
qucontrol/krotov,krotov,2018-11-06T19:21:21Z,qucontrol,13,57175,25,10,4,483,7,1,0,Python,1,8,72,2018-11-06T19:21:21Z,2020-09-10T15:18:37Z,673,krotov_132_snapshots,1,Quantum Algorithsm,https://qucontrol.github.io/krotov,Python implementation of Krotov's method for quantum optimal control
iitis/QuantumInformation.jl,QuantumInformation.jl,2014-09-11T12:15:35Z,iitis,12,743,41,9,9,473,12,1,0,Julia,1,39,76,2014-09-11T12:15:35Z,2020-08-09T13:39:14Z,2159,QuantumInformation.jl_133_snapshots,1,Experimentation,https://zksi.github.io/QuantumInformation.jl/latest,A Julia package for numerical computation in quantum information theory
qutech/qupulse,qupulse,2015-01-27T13:27:55Z,qutech,13,8383,20,9,72,1878,14,1,0,Python,1,286,472,2015-01-27T13:27:55Z,2020-08-11T14:56:27Z,2023,qupulse_134_snapshots,1,Experimentation,,Quantum Computing Toolkit for Qubit Control
epiqc/ScaffCC,ScaffCC,2016-05-25T19:18:15Z,epiqc,40,63575,116,9,12,168,11,0,0,C++,1,17,33,2016-05-25T19:18:15Z,2020-09-24T19:27:22Z,1583,N/A,0,Compiler,,"Compilation, analysis and optimization framework for the Scaffold quantum programming language."
issp-center-dev/mVMC,mVMC,2016-10-26T08:42:12Z,issp-center-dev,7,60232,28,9,2,592,7,0,0,C,1,7,14,2016-10-26T08:42:12Z,2020-09-24T17:21:54Z,1429,N/A,0,,http://www.pasums.issp.u-tokyo.ac.jp/mvmc/en/,A numerical solver package for a wide range of quantum lattice models based on many-variable Variational Monte Carlo method
quantumlib/Cirq,Cirq,2017-12-14T23:41:49Z,quantumlib,451,8593,2345,9,294,1503,73,1,1,Python,1,2066,3054,2017-12-14T23:41:49Z,2020-09-25T21:27:55Z,1015,Cirq_137_snapshots,1,Full-stack Library/ Framework,,"A python framework for creating, editing, and invoking Noisy Intermediate Scale Quantum (NISQ) circuits."
spikespaz/firefox-nativedark,firefox-nativedark,2018-02-19T07:59:08Z,spikespaz,8,2769,85,9,16,105,4,0,0,JavaScript,1,3,23,2018-02-19T07:59:08Z,2020-07-16T15:46:40Z,878,firefox-nativedark_138_snapshots,1,Other-Quantum,https://addons.mozilla.org/firefox/addon/native-dark/,"Dynamic theme for Firefox Quantum that colorizes the title bar, tabs, and URL bar based on your Windows accent color."
gluonhq/strange,strange,2018-03-26T16:06:29Z,gluonhq,22,221,91,9,7,102,5,1,0,Java,1,46,64,2018-03-26T16:06:29Z,2020-09-22T08:05:11Z,910,N/A,0,,,Quantum Computing API for Java
hande-qmc/hande,hande,2015-04-21T09:45:14Z,hande-qmc,15,99421,45,8,1,2998,11,0,0,Fortran,1,53,65,2015-04-21T09:45:14Z,2020-08-05T18:12:26Z,1933,hande_140_snapshots,1,Chemistry/ Other-Quantum,,Open source stochastic quantum chemistry
gluonhq/strangefx,strangefx,2017-11-13T03:41:27Z,gluonhq,6,322,20,8,6,120,4,1,0,Java,1,22,45,2017-11-13T03:41:27Z,2020-09-24T18:57:41Z,1046,N/A,0,,,Quantum computer simulator
aeantipov/pomerol,pomerol,2014-06-11T03:44:49Z,aeantipov,14,1925,20,7,1,203,7,1,0,C++,1,16,28,2014-06-11T03:44:49Z,2020-09-05T08:43:04Z,2278,pomerol_142_snapshots,1,Quantum Algorithsm,http://aeantipov.github.io/pomerol/,"Exact diagonalization, Lehmann's representation, Two-particle Green's functions"
joekaiser/QuantumFlux,QuantumFlux,2015-01-19T23:58:42Z,joekaiser,12,2100,24,7,11,426,5,0,0,Java,1,30,30,2015-01-19T23:58:42Z,2020-07-15T13:37:44Z,2003,N/A,0,,,Wireless RF for Minecraft
BBN-Q/QGL,QGL,2016-01-21T20:58:01Z,BBN-Q,5,3893,16,7,34,1144,14,1,0,Python,1,184,232,2016-01-21T20:58:01Z,2020-07-15T23:01:38Z,1637,QGL_144_snapshots,1,Cryptography,,Quantum Gate Language (QGL) is a domain specific language embedded in python for specifying quantum gate sequences.
Q-solvers/EDLib,EDLib,2016-07-19T15:51:30Z,Q-solvers,8,605,17,7,1,354,4,1,0,C++,1,13,14,2016-07-19T15:51:30Z,2020-06-04T03:17:15Z,1415,EDLib_145_snapshots,1,Quantum Algorithsm,,Exact diagonalization solver for quantum electron models
open-quantum-safe/liboqs,liboqs,2016-08-12T01:46:12Z,open-quantum-safe,141,112332,626,7,16,827,32,0,0,C,1,532,812,2016-08-12T01:46:12Z,2020-09-25T18:36:46Z,1505,N/A,0,Cryptography,https://openquantumsafe.org/,C library for quantum-safe cryptography.
dylan-jayatilaka/tonto,tonto,2014-06-26T12:06:05Z,dylan-jayatilaka,5,90331,17,6,6,1623,11,1,0,C,1,4,28,2014-06-26T12:06:05Z,2020-09-15T06:14:45Z,2272,N/A,0,,dylan-jayatilaka.net/tonto,for Quantum Crystallography
quantumdb/quantumdb,quantumdb,2014-10-28T14:39:00Z,quantumdb,5,1034,43,6,3,173,3,0,0,Java,1,47,53,2014-10-28T14:39:00Z,2020-07-30T15:24:53Z,2102,N/A,0,,http://quantumdb.io,Zero-downtime schema evolution for PostgreSQL
lanl/qmasm,qmasm,2016-07-08T20:10:22Z,lanl,63,486,303,6,3,306,3,1,0,Python,1,2,10,2016-07-08T20:10:22Z,2020-09-11T04:49:09Z,1525,qmasm_149_snapshots,1,Assembly,,Quantum macro assembler for D-Wave systems
tmancal74/quantarhei,quantarhei,2016-07-20T18:30:25Z,tmancal74,12,5678,9,6,15,987,5,1,0,Python,1,72,105,2016-07-20T18:30:25Z,2020-09-25T18:07:06Z,1527,quantarhei_150_snapshots,1,Chemistry/ Other-Quantum,,Open Quantum System Theory for Molecular Systems
bloomberg/quantum,quantum,2018-07-11T20:40:04Z,bloomberg,35,2515,169,6,1,237,4,1,0,C++,1,127,132,2018-07-11T20:40:04Z,2020-09-25T09:51:11Z,806,quantum_151_snapshots,1,Library/ Framework,,Powerful multi-threaded coroutine dispatcher and parallel execution engine
rigetti/forest-benchmarking,forest-benchmarking,2018-12-17T19:53:19Z,rigetti,14,9883,29,6,21,192,9,0,0,Python,1,138,189,2018-12-17T19:53:19Z,2020-06-22T20:24:58Z,552,forest-benchmarking_152_snapshots,1,Library/ Framework,,"A library for quantum characterization, verification, validation (QCVV), and benchmarking using pyQuil."
LCPQ/quantum_package,quantum_package,2014-04-01T09:24:45Z,LCPQ,37,40575,30,5,0,2730,12,1,0,Fortran,1,154,248,2014-04-01T09:24:45Z,2020-09-24T11:10:17Z,2368,quantum_package_153_snapshots,1,Chemistry/ Other-Quantum,https://quantumpackage.github.io/qp2/,Set of quantum chemistry programs and libraries
vonDonnerstein/QuantumLab.jl,QuantumLab.jl,2015-10-02T10:35:39Z,vonDonnerstein,11,58193,27,5,5,186,6,1,0,Julia,1,14,19,2015-10-02T10:35:39Z,2020-09-20T23:13:10Z,1815,QuantumLab.jl_154_snapshots,1,Chemistry/ Other-Quantum,,A workbench for Quantum Chemistry and Quantum Physics in Julia
QuTech-Delft/qtt,qtt,2016-04-19T16:06:57Z,QuTech-Delft,7,60850,21,5,18,1342,25,1,0,Python,1,696,736,2016-04-19T16:06:57Z,2020-09-25T08:12:50Z,1619,qtt_155_snapshots,1,Tool,,Quantum Technology Toolbox https://qtt.readthedocs.io/
lneuhaus/pyrpl,pyrpl,2016-05-14T14:09:14Z,lneuhaus,44,185025,55,5,95,1529,12,1,0,Python,1,66,319,2016-05-14T14:09:14Z,2020-09-11T18:54:32Z,1581,pyrpl_156_snapshots,1,Experimentation,http://lneuhaus.github.io/pyrpl/,"pyrpl turns your RedPitaya into a powerful DSP device, especially suitable as a lockbox in quantum optics experiments."
microsoft/PQCrypto-SIDH,PQCrypto-SIDH,2017-04-17T23:16:37Z,microsoft,54,25465,194,5,6,129,6,0,0,C,1,11,25,2017-04-17T23:16:37Z,2020-09-24T14:42:41Z,1255,N/A,0,,,"SIDH Library is a fast and portable software library that implements state-of-the-art supersingular isogeny cryptographic schemes. The chosen parameters aim to provide security against attackers running a large-scale quantum computer, and security against classical algorithms."
quantumlib/OpenFermion-Cirq,OpenFermion-Cirq,2018-03-20T00:58:53Z,quantumlib,71,1757,229,5,34,230,13,0,0,Python,1,279,378,2018-03-20T00:58:53Z,2020-09-25T12:08:35Z,920,OpenFermion-Cirq_158_snapshots,1,Simulator,,Quantum circuits for simulations of quantum chemistry and materials.
dwave-examples/factoring,factoring,2018-03-20T16:56:03Z,dwave-examples,19,173,18,5,1,150,6,0,0,Python,1,28,28,2018-03-20T16:56:03Z,2020-09-18T14:11:20Z,912,factoring_159_snapshots,1,Quantum Algorithsm,,Factor numbers using a quantum computer
lmacken/quantumrandom,quantumrandom,2012-04-15T05:18:10Z,lmacken,25,324,104,4,11,116,5,1,0,Python,1,12,18,2012-04-15T05:18:10Z,2020-09-15T21:00:50Z,3075,quantumrandom_160_snapshots,1,Tool,https://pypi.python.org/pypi/quantumrandom,Tools for utilizing the ANU Quantum Random Number Generator
QInfer/python-qinfer,python-qinfer,2012-08-15T01:02:45Z,QInfer,26,4249,69,4,20,1107,10,1,0,Python,1,105,133,2012-08-15T01:02:45Z,2020-08-02T23:10:03Z,2909,python-qinfer_161_snapshots,1,Library/ Framework,,Library for Bayesian inference via sequential Monte Carlo for quantum parameter estimation.
zoran-cuckovic/QGIS-visibility-analysis,QGIS-visibility-analysis,2014-02-08T08:00:12Z,zoran-cuckovic,10,4763,34,4,14,128,2,0,0,Python,1,4,30,2014-02-08T08:00:12Z,2020-08-23T18:00:01Z,2388,QGIS-visibility-analysis_162_snapshots,1,Library/ Framework,,Quantum GIS plugin for visibility analysis
microsoft/qmt,qmt,2018-02-23T21:14:58Z,microsoft,24,67172,40,4,6,841,17,0,1,Python,1,132,145,2018-02-23T21:14:58Z,2020-06-18T17:50:50Z,845,qmt_163_snapshots,1,Simulator,,Qubit Modeling Tools (QMT) for computational modeling of quantum devices
Approximates/dotBloch,dotBloch,2018-06-02T21:00:14Z,Approximates,5,47053,0,4,0,202,4,0,0,C#,1,39,39,2018-06-02T21:00:14Z,2020-08-22T08:10:49Z,811,dotBloch_164_snapshots,1,Simulator,,quantum bit simulator build in Unity 3D engine.
bhagvank/Montecarlo_Quant,Montecarlo_Quant,2018-11-02T11:23:12Z,bhagvank,7,5397,12,4,2,116,6,0,0,Python,1,15,15,2018-11-02T11:23:12Z,2020-07-31T08:40:23Z,636,N/A,0,,,Monte carlo simulations  in finance industry using quantum computer
qucat/qucat,qucat,2018-11-08T12:39:33Z,qucat,18,16417,28,4,21,637,5,1,0,HTML,1,21,55,2018-11-08T12:39:33Z,2020-09-09T02:29:41Z,670,qucat_166_snapshots,1,Tool,https://qucat.org/,Quantum Circuit Analyzer Tool
Qiskit/qiskit-ignis,qiskit-ignis,2018-12-11T01:53:00Z,Qiskit,103,9093,90,4,43,446,24,1,0,Python,1,312,463,2018-12-11T01:53:00Z,2020-09-24T21:09:31Z,653,qiskit-ignis_167_snapshots,1,Tool,,"Ignis provides tools for quantum hardware verification, noise characterization, and error correction."
PanPalitta/phase_estimation,phase_estimation,2014-11-27T00:07:35Z,PanPalitta,5,1439,6,3,3,229,2,0,0,C++,1,41,50,2014-11-27T00:07:35Z,2019-01-05T02:08:50Z,1500,phase_estimation_168_snapshots,1,Quantum Algorithsm,http://panpalitta.github.io/phase_estimation/,This project apply reinforcement learning algorithms based on DE and PSO to optimize adaptive quantum-phase estimation.
biklooost/PROPhet,PROPhet,2016-09-16T16:21:06Z,biklooost,26,4980,45,3,5,120,3,0,0,C++,1,6,12,2016-09-16T16:21:06Z,2020-09-17T22:51:43Z,1462,N/A,0,,,PROPhet is a code to integrate machine learning techniques with first-principles quantum chemistry approaches
ProjectQ-Framework/FermiLib,FermiLib,2017-05-01T05:46:51Z,ProjectQ-Framework,33,747,72,3,4,127,10,1,1,Python,1,134,154,2017-05-01T05:46:51Z,2020-09-25T12:21:22Z,1243,FermiLib_170_snapshots,1,Quantum Algorithsm,https://projectq.ch/,FermiLib: Open source software for analyzing fermionic quantum simulation algorithms
XanaduAI/blackbird,blackbird,2018-10-25T21:24:07Z,XanaduAI,11,2959,28,3,3,151,2,1,0,C++,1,18,25,2018-10-25T21:24:07Z,2020-09-09T02:29:34Z,684,blackbird_171_snapshots,1,Assembly,https://quantum-blackbird.readthedocs.io,"Blackbird is a quantum assembly language for continuous-variable quantum computation, that can be used to program Xanadu's quantum photonics hardware and Strawberry Fields simulator."
HuangJunye/QPong,QPong,2019-02-27T17:13:08Z,HuangJunye,13,2600,37,3,13,202,3,0,0,Python,1,19,35,2019-02-27T17:13:08Z,2020-09-23T02:08:20Z,573,QPong_172_snapshots,1,Fun/ Game,https://github.com/HuangJunye/QPong-Unity,A quantum version of the classic Pong using Qiskit and pygame. Unity version here:
softwareQinc/staq,staq,2019-05-14T17:02:22Z,softwareQinc,8,9634,44,3,5,178,3,1,0,C++,1,3,27,2019-05-14T17:02:22Z,2020-09-15T18:15:26Z,490,staq_173_snapshots,1,Full-stack Library/ Framework,https://arxiv.org/abs/1912.06070,A full-stack quantum processing toolkit
ericchansen/q2mm,q2mm,2014-08-26T00:21:27Z,ericchansen,18,7460,10,2,7,629,9,0,0,Python,1,19,41,2014-08-26T00:21:27Z,2020-09-21T00:33:50Z,2218,q2mm_174_snapshots,1,Chemistry/ Other-Quantum,,Quantum to Molecular Mechanics (Q2MM)
aoterodelaroza/critic2,critic2,2015-10-02T02:46:58Z,aoterodelaroza,21,247637,41,2,5,1685,4,0,0,Fortran,1,5,29,2015-10-02T02:46:58Z,2020-09-25T00:59:58Z,1819,critic2_175_snapshots,1,Chemistry/ Other-Quantum,,Analysis of quantum chemical interactions in molecules and solids.
orbkit/orbkit,orbkit,2015-11-10T08:48:43Z,orbkit,14,10846,55,2,4,348,6,0,0,Python,1,20,30,2015-11-10T08:48:43Z,2020-09-18T08:42:27Z,1773,orbkit_176_snapshots,1,Tool,http://orbkit.github.io,A Toolbox for Post-Processing Quantum Chemical Wavefunction Data
JoshuaSBrown/QC_Tools,QC_Tools,2016-03-30T04:22:06Z,JoshuaSBrown,6,13925,12,2,8,271,4,1,0,C++,1,32,44,2016-03-30T04:22:06Z,2020-09-20T04:18:55Z,1634,QC_Tools_177_snapshots,1,Quantum Algorithsm,,This small repository provides functionality for calculating the charge transfer integrals between two molecules. 
zlatko-minev/pyEPR,pyEPR,2017-08-22T14:47:16Z,zlatko-minev,44,3631,23,2,12,309,13,0,0,Jupyter Notebook,1,28,37,2017-08-22T14:47:16Z,2020-09-24T03:11:06Z,1128,pyEPR_178_snapshots,1,Chemistry/ Other-Quantum,https://pyepr-docs.readthedocs.io,"Powerful, automated analysis and design of quantum microwave chips & devices [Energy-Participation Ratio and more]"
ctuning/ck-quantum,ck-quantum,2018-05-01T12:02:10Z,ctuning,5,365,30,2,3,380,9,0,1,Python,1,4,19,2018-05-01T12:02:10Z,2020-09-21T22:35:23Z,874,ck-quantum_179_snapshots,1,Other-Quantum,,Miscellaneous resources for Quantum Collective Knowledge
Qiskit/qiskit-jku-provider,qiskit-jku-provider,2018-06-27T19:36:57Z,Qiskit,14,283,12,2,5,215,9,1,0,C++,1,45,67,2018-06-27T19:36:57Z,2020-09-08T08:01:43Z,803,qiskit-jku-provider_180_snapshots,1,Simulator,http://iic.jku.at/eda/research/quantum_simulation/,A local provider which allows Qiskit to use a decision-diagrams quantum simulator from JKU
Quantomatic/pyzx,pyzx,2018-07-02T10:37:07Z,Quantomatic,22,26059,99,2,4,282,8,0,0,OpenQASM,1,13,46,2018-07-02T10:37:07Z,2020-09-18T13:30:21Z,809,pyzx_181_snapshots,1,Compiler,,Python library for quantum circuit rewriting and optimisation using the ZX-calculus
GQCG/GQCP,GQCP,2018-08-23T12:10:29Z,GQCG,6,70120,5,2,93,1500,5,1,0,C++,1,308,583,2018-08-23T12:10:29Z,2020-09-25T10:23:54Z,763,GQCP_182_snapshots,1,Chemistry/ Other-Quantum,,The Ghent Quantum Chemistry Package for electronic structure calculations
qubekit/QUBEKit,QUBEKit,2019-04-10T09:17:09Z,qubekit,6,2810,4,2,0,361,2,1,0,Python,1,149,150,2019-04-10T09:17:09Z,2020-09-25T16:21:07Z,534,QUBEKit_183_snapshots,1,Library/ Framework,https://blogs.ncl.ac.uk/danielcole/qube-force-field/,  Quantum Mechanical Bespoke Force Field Derivation Toolkit
tensorflow/quantum,quantum,2020-02-06T19:58:35Z,tensorflow,155,15395,877,2,35,198,7,0,0,Python,1,243,342,2020-02-06T19:58:35Z,2020-09-25T13:24:45Z,231,quantum_184_snapshots,1,Library/ Framework,https://www.tensorflow.org/quantum,Hybrid Quantum-Classical Machine Learning in TensorFlow
redhat-cip/openstack-quantum-puppet,openstack-quantum-puppet,2012-09-29T22:01:47Z,redhat-cip,21,408,1,1,3,175,11,0,0,Puppet,1,13,13,2012-09-29T22:01:47Z,2014-05-08T17:20:50Z,585,openstack-quantum-puppet_185_snapshots,1,Library/ Framework,,Deploy Quantum with Puppet
arguelles/nuSQuIDS,nuSQuIDS,2014-09-17T13:25:12Z,arguelles,21,48312,10,1,2,726,9,0,0,C++,1,11,16,2014-09-17T13:25:12Z,2020-09-22T01:01:19Z,2196,nuSQuIDS_186_snapshots,1,Other-Quantum,,Neutrino oscillation software using SQuIDS.
Perfecto-Quantum/Quantum-Starter-Kit,Quantum-Starter-Kit,2016-11-03T08:44:59Z,Perfecto-Quantum,55,17127,33,1,7,127,11,0,0,Java,1,8,44,2016-11-03T08:44:59Z,2020-09-22T04:59:03Z,1418,N/A,0,,,"Get started with Quantum! Clone or download this repository to start, contains examples of tests and step definitions."
niedoida/niedoida,niedoida,2016-11-22T10:18:08Z,niedoida,5,105847,4,1,4,106,4,0,0,C++,1,42,54,2016-11-22T10:18:08Z,2020-04-03T15:01:01Z,1228,N/A,0,,https://niedoida.org,Niedoida is a general-purpose quantum-chemical and microelectrostatic package
qrefine/qrefine,qrefine,2017-04-04T04:32:01Z,qrefine,6,176811,9,1,23,807,8,1,0,Python,1,6,46,2017-04-04T04:32:01Z,2020-09-21T06:26:42Z,1266,qrefine_189_snapshots,1,Other-Quantum,https://qrefine.com,Quantum Refinement Module
qcdb/qcdb,qcdb,2018-02-15T20:52:04Z,qcdb,7,5816,2,1,4,360,3,1,0,Python,1,37,37,2018-02-15T20:52:04Z,2020-08-21T00:50:37Z,917,qcdb_190_snapshots,1,Chemistry/ Other-Quantum,,quantum chemistry common driver and databases
mupq/pqm4,pqm4,2018-03-16T09:58:41Z,mupq,19,1677,77,1,5,171,13,0,0,Assembly,1,96,157,2018-03-16T09:58:41Z,2020-09-23T17:17:07Z,922,pqm4_191_snapshots,1,Cryptography,,Post-quantum crypto library for the ARM Cortex-M4
boschmitt/tweedledum,tweedledum,2018-07-13T20:03:36Z,boschmitt,8,9261,41,1,8,266,7,1,0,C++,1,74,80,2018-07-13T20:03:36Z,2020-09-24T10:37:35Z,803,tweedledum_192_snapshots,1,Library/ Framework,,"C++17 Library for writing, manipulating, and optimizing quantum circuits"
ngnrsaa/qflex,qflex,2019-02-07T21:08:10Z,ngnrsaa,9,3509,54,1,26,1282,12,1,1,C++,1,174,269,2019-02-07T21:08:10Z,2020-09-25T10:18:20Z,595,qflex_193_snapshots,1,Simulator,,"Flexible Quantum Circuit Simulator (qFlex) implements an efficient tensor network, CPU-based simulator of large quantum circuits."
BBN-Q/Qlab,BBN-Q,2012-01-27T15:20:23Z,,11,13587,28,14,8,2289,13,0,0,MATLAB,1,68,93,2012-01-27T15:20:23Z,2020-06-18T20:25:01Z,3065,Qlab_194_snapshots,,Experimentation,,Measurement and control software for superconducting qubits.
BBN-Q/PyQLab,BBN-Q,2012-04-04T19:36:43Z,,11,2372,15,4,6,1153,6,1,0,Python,1,74,132,2012-04-04T19:36:43Z,2020-07-15T23:01:41Z,3024,PyQLab_195_snapshots,,Experimentation,,A python library for instrument control and superconducting QIP experiments. 
BBN-Q/pyqgl2,BBN-Q,2017-04-10T18:44:19Z,,2,1977,5,0,40,130,4,1,0,Python,1,8,17,2017-04-10T18:44:19Z,2020-06-18T22:47:55Z,1165,pyqgl2_196_snapshots,,Assembly,,An imperative Quantum Gate Language (QGL) embedded in python.
artiste-qb-net/qubiter,artiste-qb-net,2016-03-21T05:34:07Z,,28,13129,95,0,37,366,3,0,0,HTML,1,3,5,2016-03-21T05:34:07Z,2020-10-01T06:58:04Z,1655,qubiter_197_snapshots,,Assembly,,"Python tools for reading, writing, compiling, simulating quantum computer circuits. Includes numpy and tensorflow backends. “Quantum Space, the final frontier. These are the voyages of the starship Qubiter. Its five-year mission: to explore strange new worlds, to seek out new life and new civilizations, to boldly go where no man has gone before.”"
BBN-Q/QGL.jl,BBN-Q,2016-12-20T14:47:00Z,,3,118,8,0,6,109,5,1,0,Julia,1,13,25,2016-12-20T14:47:00Z,2020-06-18T22:47:23Z,1276,QGL.jl_198_snapshots,,Assembly,,A performance orientated QGL compiler.
dwavesystems/qbsolv,dwavesystems,2017-01-06T18:18:22Z,,217,41888,873,19,27,394,23,1,0,q,1,94,125,2017-01-06T18:18:22Z,2020-10-05T15:46:19Z,1367,qbsolv_199_snapshots,,Quantum Annealing,https://docs.ocean.dwavesys.com/projects/qbsolv,"Qbsolv,a decomposing solver, finds a minimum value of a large quadratic unconstrained binary optimization (QUBO) problem by splitting it into pieces solved either via a D-Wave system or a classical tabu solver.   (Note that qbsolv by default uses its internal classical solver.  Access to a D-Wave system must be arranged separately.)"
dwavesystems/dimod,dwavesystems,2017-08-18T01:02:17Z,,42,2851,66,82,100,1540,17,0,0,Python,1,453,637,2017-08-18T01:02:17Z,2020-10-15T21:50:23Z,1154,dimod_200_snapshots,,Quantum Annealing,https://docs.ocean.dwavesys.com/en/stable/docs_dimod/,A shared API for QUBO/Ising samplers.
dwavesystems/dwave-system,dwavesystems,2018-02-19T19:54:19Z,,33,1662,53,48,61,857,12,0,0,Python,1,206,300,2018-02-19T19:54:19Z,2020-10-20T20:08:40Z,973,dwave-system_201_snapshots,,Quantum Annealing,https://docs.ocean.dwavesys.com/projects/system,"An API for easily incorporating the D-Wave system as a sampler, either directly or through Leap's cloud-based hybrid samplers"
dwavesystems/dwavebinarycsp,dwavesystems,2017-12-13T01:56:30Z,,18,413,11,14,20,269,7,0,0,Python,1,76,86,2017-12-13T01:56:30Z,2020-09-09T23:22:31Z,1001,dwavebinarycsp_202_snapshots,,Quantum Annealing,https://docs.ocean.dwavesys.com/projects/binarycsp/en/latest,Map constraint satisfaction problems with binary variables to binary quadratic models.
dwavesystems/penaltymodel,dwavesystems,2017-11-03T22:50:38Z,,14,572,12,60,13,570,8,0,0,Python,1,79,109,2017-11-03T22:50:38Z,2020-10-15T16:04:26Z,1076,penaltymodel_203_snapshots,,Quantum Annealing,https://docs.ocean.dwavesys.com/projects/penaltymodel/en/latest,Utilities and interfaces for using penalty models.
decodoku/A_Game_to_Benchmark_Quantum_Computers,decodoku,2017-08-14T10:05:57Z,,14,77331,36,0,0,148,5,0,0,Jupyter Notebook,1,3,8,2017-08-14T10:05:57Z,2020-08-17T10:55:11Z,1099,A_Game_to_Benchmark_Quantum_Computers_204_snapshots,,Fun/ Game,,Simple puzzles implemented on quantum devices
JavaFXpert/quantum-toy-piano-ibmq,JavaFXpert,2018-06-07T15:58:06Z,,11,42656,33,0,0,124,2,0,0,JavaScript,1,1,1,2018-06-07T15:58:06Z,2020-10-07T05:46:35Z,852,quantum-toy-piano-ibmq_205_snapshots,,Fun/ Game,,Quantum Music Composer for IBM quantum computers
aparent/QCViewer,aparent,2012-01-11T17:49:28Z,,9,5013,17,6,11,280,5,0,0,C++,1,0,7,2012-01-11T17:49:28Z,2020-08-18T12:49:49Z,3141,QCViewer_206_snapshots,,Simulator,http://qcirc.iqc.uwaterloo.ca/,A visual quantum circuit design and simulation tool.
nathanshammah/piqs,nathanshammah,2017-09-22T06:12:57Z,,4,3015,13,2,1,283,3,1,0,Python,1,59,62,2017-09-22T06:12:57Z,2020-09-27T16:22:11Z,1101,piqs_207_snapshots,,Simulator,,Permutational Invariance Quantum Solver for Lindblad open quantum system dynamics